"Data Source","World Development Indicators",

"Last Updated Date","2018-04-24",

"Country Name","Country Code","Indicator Name","Indicator Code","1959","1960","1961","1962","1963","1964","1965","1966","1967","1968","1969","1970","1971","1972","1973","1974","1975","1976","1977","1978","1979","1980","1981","1982","1983","1984","1985","1986","1987","1988","1989","1990","1991","1992","1993","1994","1995","1996","1997","1998","1999","2000","2001","2002","2003","2004","2005","2006","2007","2008","2009","2010","2011","2012","2013","2014","2015","2016","2017",
"Aruba","ABW","Container port traffic (TEU: 20 foot equivalent units)","IS.SHP.GOOD.TU","","","","","","","","","","","","","","","","","","","","","","","","","","","","","","","","","","","","","","","","","","","","","","","","","135000","140000","125000","","","","","","","","",
"Afghanistan","AFG","Container port traffic (TEU: 20 foot equivalent units)","IS.SHP.GOOD.TU","","","","","","","","","","","","","","","","","","","","","","","","","","","","","","","","","","","","","","","","","","","","","","","","","","","","","","","","","","","",
"Angola","AGO","Container port traffic (TEU: 20 foot equivalent units)","IS.SHP.GOOD.TU","","","","","","","","","","","","","","","","","","","","","","","","","","","","","","","","","","","","","","","","","","","","","","","","","","","","611050","764031","700000","912898","900000","580000","446000","",
"Albania","ALB","Container port traffic (TEU: 20 foot equivalent units)","IS.SHP.GOOD.TU","","","","","","","","","","","","","","","","","","","","","","","","","","","","","","","","","","","","","","","","","","","","","","","","","33127","46798","68780","","","","","","","","",
"Andorra","AND","Container port traffic (TEU: 20 foot equivalent units)","IS.SHP.GOOD.TU","","","","","","","","","","","","","","","","","","","","","","","","","","","","","","","","","","","","","","","","","","","","","","","","","","","","","","","","","","","",
"Arab World","ARB","Container port traffic (TEU: 20 foot equivalent units)","IS.SHP.GOOD.TU","","","","","","","","","","","","","","","","","","","","","","","","","","","","","","","","","","","","","","","","","","","","","","","","","30991333","35945775.9208","36475109.3235755","40682767","41981988","44944803","47004575","49054907","51156429","51220406","",
"United Arab Emirates","ARE","Container port traffic (TEU: 20 foot equivalent units)","IS.SHP.GOOD.TU","","","","","","","","","","","","","","","","","","","","","","","","","","","","","","","","","","","","","","","","","","5055801","5081964","5872240","6955202","8661636","9851709","10967048","13182412","14756127","14425039","15114299","17013064","18047941","18648831","20223612","21233200","20413200","",
"Argentina","ARG","Container port traffic (TEU: 20 foot equivalent units)","IS.SHP.GOOD.TU","","","","","","","","","","","","","","","","","","","","","","","","","","","","","","","","","","","","","","","","","","1144834","663811","554800","1025055","1251895","1490372","1757990","1874259","1997146","1626835.3556","1971308","2131434","1943222","2129277","1703247","1697892","1593545","",
"Armenia","ARM","Container port traffic (TEU: 20 foot equivalent units)","IS.SHP.GOOD.TU","","","","","","","","","","","","","","","","","","","","","","","","","","","","","","","","","","","","","","","","","","","","","","","","","","","","","","","","","","","",
"American Samoa","ASM","Container port traffic (TEU: 20 foot equivalent units)","IS.SHP.GOOD.TU","","","","","","","","","","","","","","","","","","","","","","","","","","","","","","","","","","","","","","","","","","","","","","","","","","","","","","","","","","","",
"Antigua and Barbuda","ATG","Container port traffic (TEU: 20 foot equivalent units)","IS.SHP.GOOD.TU","","","","","","","","","","","","","","","","","","","","","","","","","","","","","","","","","","","","","","","","","","","","","","","","","34081","32562","29150","24615","21824","24449","24842","29600","29600","31765","",
"Australia","AUS","Container port traffic (TEU: 20 foot equivalent units)","IS.SHP.GOOD.TU","","","","","","","","","","","","","","","","","","","","","","","","","","","","","","","","","","","","","","","","","","3542802","3774845","4355020","4758428","5057346","5191013","5741962","6290090","6102342.1952","6200325.48531488","6551022","6039156","6974861","7081924","7404551","7627147","7635620","",
"Austria","AUT","Container port traffic (TEU: 20 foot equivalent units)","IS.SHP.GOOD.TU","","","","","","","","","","","","","","","","","","","","","","","","","","","","","","","","","","","","","","","","","","","","","","","","","365918","379740.7072","330995.87292768","","","","","","","","",
"Azerbaijan","AZE","Container port traffic (TEU: 20 foot equivalent units)","IS.SHP.GOOD.TU","","","","","","","","","","","","","","","","","","","","","","","","","","","","","","","","","","","","","","","","","","","","","","","","","","","","","","","","","","","",
"Burundi","BDI","Container port traffic (TEU: 20 foot equivalent units)","IS.SHP.GOOD.TU","","","","","","","","","","","","","","","","","","","","","","","","","","","","","","","","","","","","","","","","","","","","","","","","","","","","","","","","","","","",
"Belgium","BEL","Container port traffic (TEU: 20 foot equivalent units)","IS.SHP.GOOD.TU","","","","","","","","","","","","","","","","","","","","","","","","","","","","","","","","","","","","","","","","","","5057579","5109693","5825610","6482443","7279638","7889994","8708293","10257511","10937134","9701494","11051290","10950721","10676498","10868949","11061400","11237600","11459909","",
"Benin","BEN","Container port traffic (TEU: 20 foot equivalent units)","IS.SHP.GOOD.TU","","","","","","","","","","","","","","","","","","","","","","","","","","","","","","","","","","","","","","","","","","","","","","","","","","300000","272820","316744","334798","348190","388341","314000","346000","333000","",
"Burkina Faso","BFA","Container port traffic (TEU: 20 foot equivalent units)","IS.SHP.GOOD.TU","","","","","","","","","","","","","","","","","","","","","","","","","","","","","","","","","","","","","","","","","","","","","","","","","","","","","","","","","","","",
"Bangladesh","BGD","Container port traffic (TEU: 20 foot equivalent units)","IS.SHP.GOOD.TU","","","","","","","","","","","","","","","","","","","","","","","","","","","","","","","","","","","","","","","","","","456007","486289","584220","625160","714420","808924","901528","978007","1091200","1182121","1468914","1343408","1468713","1625509","1642951","2044651","2366651","",
"Bulgaria","BGR","Container port traffic (TEU: 20 foot equivalent units)","IS.SHP.GOOD.TU","","","","","","","","","","","","","","","","","","","","","","","","","","","","","","","","","","","","","","","","","","","","","","","","","130694","203253","136444","142611","152293","169922","179840","195800","201000","198400","",
"Bahrain","BHR","Container port traffic (TEU: 20 foot equivalent units)","IS.SHP.GOOD.TU","","","","","","","","","","","","","","","","","","","","","","","","","","","","","","","","","","","","","","","","","","","","","","","","","238624","269331","279799","367589","374823","525309","429843","432941","424602","269331","",
"Bahamas, The","BHS","Container port traffic (TEU: 20 foot equivalent units)","IS.SHP.GOOD.TU","","","","","","","","","","","","","","","","","","","","","","","","","","","","","","","","","","","","","","","","","","","570000","","1057879","1184800","1211500","1463000","1632000","1702000","1297000","1125000","1116272","1232000","1509296","1400000","1400000","1200000","",
"Bosnia and Herzegovina","BIH","Container port traffic (TEU: 20 foot equivalent units)","IS.SHP.GOOD.TU","","","","","","","","","","","","","","","","","","","","","","","","","","","","","","","","","","","","","","","","","","","","","","","","","","","","","","","","","","","",
"Belarus","BLR","Container port traffic (TEU: 20 foot equivalent units)","IS.SHP.GOOD.TU","","","","","","","","","","","","","","","","","","","","","","","","","","","","","","","","","","","","","","","","","","","","","","","","","","","","","","","","","","","",
"Belize","BLZ","Container port traffic (TEU: 20 foot equivalent units)","IS.SHP.GOOD.TU","","","","","","","","","","","","","","","","","","","","","","","","","","","","","","","","","","","","","","","","","","","","","","","","","39191","38211","31344","31917","34200","36978","40978","41692","48141","44916.5","",
"Bermuda","BMU","Container port traffic (TEU: 20 foot equivalent units)","IS.SHP.GOOD.TU","","","","","","","","","","","","","","","","","","","","","","","","","","","","","","","","","","","","","","","","","","","","","","","","","","","","","","","","","","","",
"Bolivia","BOL","Container port traffic (TEU: 20 foot equivalent units)","IS.SHP.GOOD.TU","","","","","","","","","","","","","","","","","","","","","","","","","","","","","","","","","","","","","","","","","","","","","","","","","","","","","","","","","","","",
"Brazil","BRA","Container port traffic (TEU: 20 foot equivalent units)","IS.SHP.GOOD.TU","","","","","","","","","","","","","","","","","","","","","","","","","","","","","","","","","","","","","","","","","","2413098","2323801","3570260","4230474","5056814","5652149","6294286","6464724","7256291.688","6590363.8866672","7130816","7557136","7985383","8942838","9864456","9673401","9289501","",
"Barbados","BRB","Container port traffic (TEU: 20 foot equivalent units)","IS.SHP.GOOD.TU","","","","","","","","","","","","","","","","","","","","","","","","","","","","","","","","","","","","","","","","","","","","","","","","","99626","87255","75015","80430","77051","72163","74923","78432","86508","105321","",
"Brunei Darussalam","BRN","Container port traffic (TEU: 20 foot equivalent units)","IS.SHP.GOOD.TU","","","","","","","","","","","","","","","","","","","","","","","","","","","","","","","","","","","","","","","","","","","","","","","","","","90366","85577","93230","105018","109219","121813","128026","128026","124919","",
"Bhutan","BTN","Container port traffic (TEU: 20 foot equivalent units)","IS.SHP.GOOD.TU","","","","","","","","","","","","","","","","","","","","","","","","","","","","","","","","","","","","","","","","","","","","","","","","","","","","","","","","","","","",
"Botswana","BWA","Container port traffic (TEU: 20 foot equivalent units)","IS.SHP.GOOD.TU","","","","","","","","","","","","","","","","","","","","","","","","","","","","","","","","","","","","","","","","","","","","","","","","","","","","","","","","","","","",
"Central African Republic","CAF","Container port traffic (TEU: 20 foot equivalent units)","IS.SHP.GOOD.TU","","","","","","","","","","","","","","","","","","","","","","","","","","","","","","","","","","","","","","","","","","","","","","","","","","","","","","","","","","","",
"Canada","CAN","Container port traffic (TEU: 20 foot equivalent units)","IS.SHP.GOOD.TU","","","","","","","","","","","","","","","","","","","","","","","","","","","","","","","","","","","","","","","","","","2927942","2890388","3307310","3631072","3926147","4163424","4330163","4413927","4720663","4191568.063","4780790","4845509","5224043","5249457","5426175","5793852","5738484","",
"Central Europe and the Baltics","CEB","Container port traffic (TEU: 20 foot equivalent units)","IS.SHP.GOOD.TU","","","","","","","","","","","","","","","","","","","","","","","","","","","","","","","","","","","","","","","","","","","","","","","","","3499057","3745827","2439520","3142941","3795137","4205558","4608147","4964558","4694774","5023226","",
"Switzerland","CHE","Container port traffic (TEU: 20 foot equivalent units)","IS.SHP.GOOD.TU","","","","","","","","","","","","","","","","","","","","","","","","","","","","","","","","","","","","","","","","","","","","","","","","","104366","92464","78285","","","","","","","","",
"Channel Islands","CHI","Container port traffic (TEU: 20 foot equivalent units)","IS.SHP.GOOD.TU","","","","","","","","","","","","","","","","","","","","","","","","","","","","","","","","","","","","","","","","","","","","","","","","","","","","","","","","","","","",
"Chile","CHL","Container port traffic (TEU: 20 foot equivalent units)","IS.SHP.GOOD.TU","","","","","","","","","","","","","","","","","","","","","","","","","","","","","","","","","","","","","","","","","","1253131","1080545","1167880","1250126","1658672","1804236","2126811","2725218","3164137","2795990.2016","3148157","3495378","3593227","3811409","3951720","3956842","4145047","",
"China","CHN","Container port traffic (TEU: 20 foot equivalent units)","IS.SHP.GOOD.TU","","","","","","","","","","","","","","","","","","","","","","","","","","","","","","","","","","","","","","","","","","41000000","44726084","55717488","61898336","74725444","67245263","84810503","103823024","115941970","108799933.7248","139358200","152475501","163372100","175805101","186852801","194755501","199565501","",
"Cote d'Ivoire","CIV","Container port traffic (TEU: 20 foot equivalent units)","IS.SHP.GOOD.TU","","","","","","","","","","","","","","","","","","","","","","","","","","","","","","","","","","","","","","","","","","434422","543845","579060","612546","670000","710000","","590306","713625","677029","639265","664488","880104","772296","803317","697160","705000","",
"Cameroon","CMR","Container port traffic (TEU: 20 foot equivalent units)","IS.SHP.GOOD.TU","","","","","","","","","","","","","","","","","","","","","","","","","","","","","","","","","","","","","","","","","","","","","","","","","217681","270000","245538","285070","301319","313371","339269","333555","379000","370000","",
"Congo, Dem. Rep.","COD","Container port traffic (TEU: 20 foot equivalent units)","IS.SHP.GOOD.TU","","","","","","","","","","","","","","","","","","","","","","","","","","","","","","","","","","","","","","","","","","","","","","","","","","","","59132.5","66198.75","62665","67965","73265","45000","59132.5","",
"Congo, Rep.","COG","Container port traffic (TEU: 20 foot equivalent units)","IS.SHP.GOOD.TU","","","","","","","","","","","","","","","","","","","","","","","","","","","","","","","","","","","","","","","","","","","","","","","","","","321000","291917.4","356285","442802","505000","550000","619692","571000","550000","",
"Colombia","COL","Container port traffic (TEU: 20 foot equivalent units)","IS.SHP.GOOD.TU","","","","","","","","","","","","","","","","","","","","","","","","","","","","","","","","","","","","","","","","","","791588","577041","960720","995203","946945","1236121","1510744","2076760","1969316","2056789.2236","2463602","2837060","3338960","3112175","3351458","3577704","3450612","",
"Comoros","COM","Container port traffic (TEU: 20 foot equivalent units)","IS.SHP.GOOD.TU","","","","","","","","","","","","","","","","","","","","","","","","","","","","","","","","","","","","","","","","","","","","","","","","","","","","","","","","","","","",
"Cabo Verde","CPV","Container port traffic (TEU: 20 foot equivalent units)","IS.SHP.GOOD.TU","","","","","","","","","","","","","","","","","","","","","","","","","","","","","","","","","","","","","","","","","","","","","","","","","","","","","","","","","","","",
"Costa Rica","CRI","Container port traffic (TEU: 20 foot equivalent units)","IS.SHP.GOOD.TU","","","","","","","","","","","","","","","","","","","","","","","","","","","","","","","","","","","","","","","","","","573502","563825","602570","669259","734088","740420","834321","976621","1004971","875687","1013483","1069369","1229530","1246829","1298579","1343841","1441756","",
"Caribbean small states","CSS","Container port traffic (TEU: 20 foot equivalent units)","IS.SHP.GOOD.TU","","","","","","","","","","","","","","","","","","","","","","","","","","","","","","","","","","","","","","","","","","","","","","","","","4391829","4416836","3757542","3955175","3822123","4053669","4198663","4030741","3990675","3625941.5","",
"Cuba","CUB","Container port traffic (TEU: 20 foot equivalent units)","IS.SHP.GOOD.TU","","","","","","","","","","","","","","","","","","","","","","","","","","","","","","","","","","","","","","","","","","","","","","","","","319857","319000","290098.6","228346","246773","240000","286238","300836","401964","325328","",
"Curacao","CUW","Container port traffic (TEU: 20 foot equivalent units)","IS.SHP.GOOD.TU","","","","","","","","","","","","","","","","","","","","","","","","","","","","","","","","","","","","","","","","","","","","","","","","","","","","","","","","","","","",
"Cayman Islands","CYM","Container port traffic (TEU: 20 foot equivalent units)","IS.SHP.GOOD.TU","","","","","","","","","","","","","","","","","","","","","","","","","","","","","","","","","","","","","","","","","","","","","","","","","649","36644","44215","","","","","","","","",
"Cyprus","CYP","Container port traffic (TEU: 20 foot equivalent units)","IS.SHP.GOOD.TU","","","","","","","","","","","","","","","","","","","","","","","","","","","","","","","","","","","","","","","","","","","","","","","","","377037","416970","353913","349357","344992","307731","307686","307661","317170","308458","",
"Czech Republic","CZE","Container port traffic (TEU: 20 foot equivalent units)","IS.SHP.GOOD.TU","","","","","","","","","","","","","","","","","","","","","","","","","","","","","","","","","","","","","","","","","","","","","","","","","","","","","","","","","","","",
"Germany","DEU","Container port traffic (TEU: 20 foot equivalent units)","IS.SHP.GOOD.TU","","","","","","","","","","","","","","","","","","","","","","","","","","","","","","","","","","","","","","","","","","7695688","8426520","9252670","10943452","12479419","13598987","15009691","16644222","17183042.1168","13296300.2124179","12795518","14929652","15095450","15088211","19866700","19238700","19420700","",
"Djibouti","DJI","Container port traffic (TEU: 20 foot equivalent units)","IS.SHP.GOOD.TU","","","","","","","","","","","","","","","","","","","","","","","","","","","","","","","","","","","","","","","","","","","","","","","","","294902","356462","519500","424888","742871","793117","794731","736000","910000","987000","",
"Dominica","DMA","Container port traffic (TEU: 20 foot equivalent units)","IS.SHP.GOOD.TU","","","","","","","","","","","","","","","","","","","","","","","","","","","","","","","","","","","","","","","","","","","","","","","","","","","","14000","14000","6890","7469","7744","7361","7361","",
"Denmark","DNK","Container port traffic (TEU: 20 foot equivalent units)","IS.SHP.GOOD.TU","","","","","","","","","","","","","","","","","","","","","","","","","","","","","","","","","","","","","","","","","","568660","457386","587300","888729","1213919","913960","679707","775117","740682","621546","791329","828133","793156","779837","744000","750000","787652","",
"Dominican Republic","DOM","Container port traffic (TEU: 20 foot equivalent units)","IS.SHP.GOOD.TU","","","","","","","","","","","","","","","","","","","","","","","","","","","","","","","","","","","","","","","","","","566479","487827","541930","480650","537317","","597583","883785","1138471","1263467.5494","1367096","1591735","1898887","1845311","1265132","1371708","1486227","",
"Algeria","DZA","Container port traffic (TEU: 20 foot equivalent units)","IS.SHP.GOOD.TU","","","","","","","","","","","","","","","","","","","","","","","","","","","","","","","","","","","","","","","","","","267530","311111","","","","","","200050","225140","250095.2398","1180048","1291228","1380316","1494877","1248300","1243300","1243300","",
"East Asia & Pacific (excluding high income)","EAP","Container port traffic (TEU: 20 foot equivalent units)","IS.SHP.GOOD.TU","","","","","","","","","","","","","","","","","","","","","","","","","","","","","","","","","","","","","","","","","","56840499","62621336","77904818","86891558","102402184","96232448","114796121","140639995","155725485.3104","147752713.767078","184044181","202427413","215835109.75","230482182.75","245113261","256905970.5","262678198.25","",
"Early-demographic dividend","EAR","Container port traffic (TEU: 20 foot equivalent units)","IS.SHP.GOOD.TU","","","","","","","","","","","","","","","","","","","","","","","","","","","","","","","","","","","","","","","","","","24653677","27613470","27230030","33495544","36951024","44473958","48474936","60134388","67893464.2896","66375942.1348474","76835338","83369839","88281396","91043883","94058279","97966975","100491841.5","",
"East Asia & Pacific","EAS","Container port traffic (TEU: 20 foot equivalent units)","IS.SHP.GOOD.TU","","","","","","","","","","","","","","","","","","","","","","","","","","","","","","","","","","","","","","","","","","111180913","115948099","137479148","151803542","174201309","193780272","217761320","252296411","269311779.7","247674210.41178","295148403","316811372","332482773.75","350652186.75","373115179","379649539.75","386232607.75","",
"Europe & Central Asia (excluding high income)","ECA","Container port traffic (TEU: 20 foot equivalent units)","IS.SHP.GOOD.TU","","","","","","","","","","","","","","","","","","","","","","","","","","","","","","","","","","","","","","","","","","","","","","5177679","6423312","7829062","10536525","11767246.7952","8578030.69515488","10752028","12324788","13742626","14588481","15845553","13991266","14783273","",
"Europe & Central Asia","ECS","Container port traffic (TEU: 20 foot equivalent units)","IS.SHP.GOOD.TU","","","","","","","","","","","","","","","","","","","","","","","","","","","","","","","","","","","","","","","","","","48312150","50660187","55628833","60321993","71190112","75798358","81291535","97542316","98520362.3448","84176404.3570037","90637140","97949139","101279114","104127188","114537433","113633481","119543306","",
"Ecuador","ECU","Container port traffic (TEU: 20 foot equivalent units)","IS.SHP.GOOD.TU","","","","","","","","","","","","","","","","","","","","","","","","","","","","","","","","","","","","","","","","","","414104","414355","500470","521550","564515","632722","671087","674837","670831","1000895","1251598","1526459","1547263","1642702","1772533","1824595","1907090","",
"Egypt, Arab Rep.","EGY","Container port traffic (TEU: 20 foot equivalent units)","IS.SHP.GOOD.TU","","","","","","","","","","","","","","","","","","","","","","","","","","","","","","","","","","","","","","","","","","1625601","1708990","1336040","1579530","2959895","4031114","5372832","5181581","6099218","6250443","6828719","5518301","5904449","5886159","6344363","6731464","6776300","",
"Euro area","EMU","Container port traffic (TEU: 20 foot equivalent units)","IS.SHP.GOOD.TU","","","","","","","","","","","","","","","","","","","","","","","","","","","","","","","","","","","","","","","","","","39584683","41083986","45368890","49496502","56463577","60340714","64608715","76781743","77334454.6632","67115467.7011566","70482866","76041645","77930551","79509179","86986238","86877746","89616928","",
"Eritrea","ERI","Container port traffic (TEU: 20 foot equivalent units)","IS.SHP.GOOD.TU","","","","","","","","","","","","","","","","","","","","","","","","","","","","","","","","","","","","","","","","","","","","","","","","","","","","","","","","","","","",
"Spain","ESP","Container port traffic (TEU: 20 foot equivalent units)","IS.SHP.GOOD.TU","","","","","","","","","","","","","","","","","","","","","","","","","","","","","","","","","","","","","","","","","","5789693","6156351","6664100","7363964","8270437","9170557","10033089","13346028","13461304.0976","11803192.2752","12396923","13877789","14036891","13850009","14245488","14291755","14993941","",
"Estonia","EST","Container port traffic (TEU: 20 foot equivalent units)","IS.SHP.GOOD.TU","","","","","","","","","","","","","","","","","","","","","","","","","","","","","","","","","","","","","","","","","","","","","","","","","180911","180927","130939","226457","197717","227809","253627","260293","208784","202327","",
"Ethiopia","ETH","Container port traffic (TEU: 20 foot equivalent units)","IS.SHP.GOOD.TU","","","","","","","","","","","","","","","","","","","","","","","","","","","","","","","","","","","","","","","","","","","","","","","","","","","","","","","","","","","",
"European Union","EUU","Container port traffic (TEU: 20 foot equivalent units)","IS.SHP.GOOD.TU","","","","","","","","","","","","","","","","","","","","","","","","","","","","","","","","","","","","","","","","","","47486366","49730282","53845263","58332095","67981905","71622805","76145365","89924957","90222727.5496","78192772.6618488","82607855","88530242","90651059","92842447","101809673","102773592","108015289","",
"Fragile and conflict affected situations","FCS","Container port traffic (TEU: 20 foot equivalent units)","IS.SHP.GOOD.TU","","","","","","","","","","","","","","","","","","","","","","","","","","","","","","","","","","","","","","","","","","","","","","","","","","","","","","","","","","","",
"Finland","FIN","Container port traffic (TEU: 20 foot equivalent units)","IS.SHP.GOOD.TU","","","","","","","","","","","","","","","","","","","","","","","","","","","","","","","","","","","","","","","","","","928318","1018729","1086720","1162400","1307092","1312305","1416404","1560089","1605522.7576","1125532.53496144","1097530","1373931","1432128","1452052","1440350","1416985","1513174","",
"Fiji","FJI","Container port traffic (TEU: 20 foot equivalent units)","IS.SHP.GOOD.TU","","","","","","","","","","","","","","","","","","","","","","","","","","","","","","","","","","","","","","","","","","","","","","","","","","","","86863","101654","81600","87992","260293","89384","89384","",
"France","FRA","Container port traffic (TEU: 20 foot equivalent units)","IS.SHP.GOOD.TU","","","","","","","","","","","","","","","","","","","","","","","","","","","","","","","","","","","","","","","","","","2923190","2997774","3276150","3565963","3954173","4000847","4259470","4984492","4887718","4674198","4580142","4564238","4797777","4988448","5207128","5627630","5768351","",
"Faroe Islands","FRO","Container port traffic (TEU: 20 foot equivalent units)","IS.SHP.GOOD.TU","","","","","","","","","","","","","","","","","","","","","","","","","","","","","","","","","","","","","","","","","","","","","","","","","","","","","","","","","","","",
"Micronesia, Fed. Sts.","FSM","Container port traffic (TEU: 20 foot equivalent units)","IS.SHP.GOOD.TU","","","","","","","","","","","","","","","","","","","","","","","","","","","","","","","","","","","","","","","","","","","","","","","","","","","","","","","","","","","",
"Gabon","GAB","Container port traffic (TEU: 20 foot equivalent units)","IS.SHP.GOOD.TU","","","","","","","","","","","","","","","","","","","","","","","","","","","","","","","","","","","","","","","","","","","","","","","","","","158884","132348.8","153657","162415","168912","190150","145326","145731","145529","",
"United Kingdom","GBR","Container port traffic (TEU: 20 foot equivalent units)","IS.SHP.GOOD.TU","","","","","","","","","","","","","","","","","","","","","","","","","","","","","","","","","","","","","","","","","","6434734","7058054","7059610","6700066","8326913","8249587","8434458","8625102","8236522.8864","7671299.96069216","8224438","8072640","7920144","8187998","9417570","10764546","12962143","",
"Georgia","GEO","Container port traffic (TEU: 20 foot equivalent units)","IS.SHP.GOOD.TU","","","","","","","","","","","","","","","","","","","","","","","","","","","","","","","","","","","","","","","","","","","","","","","","","184792","253811","181613","242433","284443","357726","403447","384992","222081","303537","",
"Ghana","GHA","Container port traffic (TEU: 20 foot equivalent units)","IS.SHP.GOOD.TU","","","","","","","","","","","","","","","","","","","","","","","","","","","","","","","","","","","","","","","","","","","","","","","","","544294","612847.1736","557323.21967184","642519","813494","884984","894362","756578","816852","925964","",
"Gibraltar","GIB","Container port traffic (TEU: 20 foot equivalent units)","IS.SHP.GOOD.TU","","","","","","","","","","","","","","","","","","","","","","","","","","","","","","","","","","","","","","","","","","","","","","","","","","","","","","","","","","","",
"Guinea","GIN","Container port traffic (TEU: 20 foot equivalent units)","IS.SHP.GOOD.TU","","","","","","","","","","","","","","","","","","","","","","","","","","","","","","","","","","","","","","","","","","","","","","","","","","","","96765","140007","147466","147255","150000","168000","160000","",
"Gambia, The","GMB","Container port traffic (TEU: 20 foot equivalent units)","IS.SHP.GOOD.TU","","","","","","","","","","","","","","","","","","","","","","","","","","","","","","","","","","","","","","","","","","","","","","","","","","","","58521","71932","65226","68759","70000","65000","60000","",
"Guinea-Bissau","GNB","Container port traffic (TEU: 20 foot equivalent units)","IS.SHP.GOOD.TU","","","","","","","","","","","","","","","","","","","","","","","","","","","","","","","","","","","","","","","","","","","","","","","","","","","","","","","","","","","",
"Equatorial Guinea","GNQ","Container port traffic (TEU: 20 foot equivalent units)","IS.SHP.GOOD.TU","","","","","","","","","","","","","","","","","","","","","","","","","","","","","","","","","","","","","","","","","","","","","","","","","","","","9500","9750","9625","9687","10000","9843","9922","",
"Greece","GRC","Container port traffic (TEU: 20 foot equivalent units)","IS.SHP.GOOD.TU","","","","","","","","","","","","","","","","","","","","","","","","","","","","","","","","","","","","","","","","","","1390844","1412286","1660510","1908121","1895755","1779030","1769098","1820349","672522","935076","1089607","1976003","3051755","3486310","3934713","3679000","4026000","",
"Grenada","GRD","Container port traffic (TEU: 20 foot equivalent units)","IS.SHP.GOOD.TU","","","","","","","","","","","","","","","","","","","","","","","","","","","","","","","","","","","","","","","","","","","","","","","","","","","","15000","14200","14000","16100","16100","16000","16050","",
"Greenland","GRL","Container port traffic (TEU: 20 foot equivalent units)","IS.SHP.GOOD.TU","","","","","","","","","","","","","","","","","","","","","","","","","","","","","","","","","","","","","","","","","","","","","","","","","","","","","","","","","","","",
"Guatemala","GTM","Container port traffic (TEU: 20 foot equivalent units)","IS.SHP.GOOD.TU","","","","","","","","","","","","","","","","","","","","","","","","","","","","","","","","","","","","","","","","","","495809","322136","360160","713181","826748","776395","800245","870288","937642","906326","1008869","1176396","1158482","1211561","1263476","1350920","1470101","",
"Guam","GUM","Container port traffic (TEU: 20 foot equivalent units)","IS.SHP.GOOD.TU","","","","","","","","","","","","","","","","","","","","","","","","","","","","","","","","","","","","","","","","","","","","","","","","","165427","167784","157096","","","","","","","","",
"Guyana","GUY","Container port traffic (TEU: 20 foot equivalent units)","IS.SHP.GOOD.TU","","","","","","","","","","","","","","","","","","","","","","","","","","","","","","","","","","","","","","","","","","","","","","","","","","","","59850","52000","66000","50991","48735","52834","50476","",
"High income","HIC","Container port traffic (TEU: 20 foot equivalent units)","IS.SHP.GOOD.TU","","","","","","","","","","","","","","","","","","","","","","","","","","","","","","","","","","","","","","","","","","144242066","146896663","160066580","177148289","196038354","234428478","248500984","281019495","282828192.9904","251111520.474151","279074688","289612414","298493294","306035474","323131425","322757440.25","328893766","",
"Hong Kong SAR, China","HKG","Container port traffic (TEU: 20 foot equivalent units)","IS.SHP.GOOD.TU","","","","","","","","","","","","","","","","","","","","","","","","","","","","","","","","","","","","","","","","","","","","","","","22601630","23538580","23998449","24494229","21040096","23600000","24404000","23100000","22290000","22300000","20114000","19580000","",
"Honduras","HND","Container port traffic (TEU: 20 foot equivalent units)","IS.SHP.GOOD.TU","","","","","","","","","","","","","","","","","","","","","","","","","","","","","","","","","","","","","","","","","","392837","406359","413840","470567","555489","553013","","636435","669802","571720","619867","662644","663908","673381","677618","119384","757500","",
"Heavily indebted poor countries (HIPC)","HPC","Container port traffic (TEU: 20 foot equivalent units)","IS.SHP.GOOD.TU","","","","","","","","","","","","","","","","","","","","","","","","","","","","","","","","","","","","","","","","","","","","","","","","","","","","","","","","","","","",
"Croatia","HRV","Container port traffic (TEU: 20 foot equivalent units)","IS.SHP.GOOD.TU","","","","","","","","","","","","","","","","","","","","","","","","","","","","","","","","","","","","","","","","","","14153","18218","23853","42326","76550","94223","112906","145040","168761","130740","137048","150677","152016","169943","211900","181800","196850","",
"Haiti","HTI","Container port traffic (TEU: 20 foot equivalent units)","IS.SHP.GOOD.TU","","","","","","","","","","","","","","","","","","","","","","","","","","","","","","","","","","","","","","","","","","","","","","","","","","","","163456","189028","164720","172516","175307","178452","176879","",
"Hungary","HUN","Container port traffic (TEU: 20 foot equivalent units)","IS.SHP.GOOD.TU","","","","","","","","","","","","","","","","","","","","","","","","","","","","","","","","","","","","","","","","","","","","","","","","","","","","","","","","","","","",
"IBRD only","IBD","Container port traffic (TEU: 20 foot equivalent units)","IS.SHP.GOOD.TU","","","","","","","","","","","","","","","","","","","","","","","","","","","","","","","","","","","","","","","","","","80536645","87482406","103365921","118800179","140760549","139885612","167699331","203713191","227502766.9888","214654851.6313","263797218","288611102","305851359.75","324174660.75","343675100","354452626.5","361415088.75","",
"IDA & IBRD total","IBT","Container port traffic (TEU: 20 foot equivalent units)","IS.SHP.GOOD.TU","","","","","","","","","","","","","","","","","","","","","","","","","","","","","","","","","","","","","","","","","","82068088","90175158","104943041","121884489","144482441","143643904","170377798","213116867","238290546.0832","225425791.411747","277204611.5","303409289.75","321784258.75","340894923.75","360765269","371741026.5","379731269.25","",
"IDA total","IDA","Container port traffic (TEU: 20 foot equivalent units)","IS.SHP.GOOD.TU","","","","","","","","","","","","","","","","","","","","","","","","","","","","","","","","","","","","","","","","","","","","","","","","","","","","13407393.5","14798187.75","15932899","16720263","17090169","17288400","18316180.5","",
"IDA blend","IDB","Container port traffic (TEU: 20 foot equivalent units)","IS.SHP.GOOD.TU","","","","","","","","","","","","","","","","","","","","","","","","","","","","","","","","","","","","","","","","","","","","","1376037","1781983","","","","3558598","3631716.4","5044907","5563033","6162279","6392564","6857659","6699867","6402450","",
"Indonesia","IDN","Container port traffic (TEU: 20 foot equivalent units)","IS.SHP.GOOD.TU","","","","","","","","","","","","","","","","","","","","","","","","","","","","","","","","","","","","","","","","","","3797948","3901761","4539880","5176982","5369297","5503176","4316296","6582910","7404831","7255004.7486","8089047","9674437","10428434","10811007","11636900","12031700","12431700","",
"IDA only","IDX","Container port traffic (TEU: 20 foot equivalent units)","IS.SHP.GOOD.TU","","","","","","","","","","","","","","","","","","","","","","","","","","","","","","","","","","","","","","","","","","","","","","","","","","","","","","","","","","","",
"Isle of Man","IMN","Container port traffic (TEU: 20 foot equivalent units)","IS.SHP.GOOD.TU","","","","","","","","","","","","","","","","","","","","","","","","","","","","","","","","","","","","","","","","","","","","","","","","","","","","","","","","","","","",
"India","IND","Container port traffic (TEU: 20 foot equivalent units)","IS.SHP.GOOD.TU","","","","","","","","","","","","","","","","","","","","","","","","","","","","","","","","","","","","","","","","","","2450656","2764757","3208380","3916814","4332863","4982092","6141148","7398211","7672457","8014487.2","9112108","9557424","9576716","9685160","11319000","11883003","12083010","",
"Not classified","INX","Container port traffic (TEU: 20 foot equivalent units)","IS.SHP.GOOD.TU","","","","","","","","","","","","","","","","","","","","","","","","","","","","","","","","","","","","","","","","","","","","","","","","","","","","","","","","","","","",
"Ireland","IRL","Container port traffic (TEU: 20 foot equivalent units)","IS.SHP.GOOD.TU","","","","","","","","","","","","","","","","","","","","","","","","","","","","","","","","","","","","","","","","","","721395","722148","775310","869607","924885","973257","1089252","1175155","1059926.984","832021.8056496","772832","755124","737619","727114","793105","860000","910000","",
"Iran, Islamic Rep.","IRN","Container port traffic (TEU: 20 foot equivalent units)","IS.SHP.GOOD.TU","","","","","","","","","","","","","","","","","","","","","","","","","","","","","","","","","","","","","","","","","","","","805860","1090212","1177265","1325643","1528518","1722513","2000230","2206476","2592522","2952233","2317647","1910717","2371000","2174000","2452000","",
"Iraq","IRQ","Container port traffic (TEU: 20 foot equivalent units)","IS.SHP.GOOD.TU","","","","","","","","","","","","","","","","","","","","","","","","","","","","","","","","","","","","","","","","","","","","","","","","","","","","","","","","","","","",
"Iceland","ISL","Container port traffic (TEU: 20 foot equivalent units)","IS.SHP.GOOD.TU","","","","","","","","","","","","","","","","","","","","","","","","","","","","","","","","","","","","","","","","","","","","","","","","","291748","267151","193816","192778","193500","208013","224445","235892","238723","261700","",
"Israel","ISR","Container port traffic (TEU: 20 foot equivalent units)","IS.SHP.GOOD.TU","","","","","","","","","","","","","","","","","","","","","","","","","","","","","","","","","","","","","","","","","","","1378259","1461000","1548080","1431510","1712339","1773498","1957328","2089900","2033000","2281552","2396000","2541000","2515250","2411300","2489500","2450400","",
"Italy","ITA","Container port traffic (TEU: 20 foot equivalent units)","IS.SHP.GOOD.TU","","","","","","","","","","","","","","","","","","","","","","","","","","","","","","","","","","","","","","","","","","6918588","7073459","7950210","8473220","9468316","9856802","9731150","10610893","10530214","9532462","9736654","9464031","9562765","9989308","10260000","10217316","10574791","",
"Jamaica","JAM","Container port traffic (TEU: 20 foot equivalent units)","IS.SHP.GOOD.TU","","","","","","","","","","","","","","","","","","","","","","","","","","","","","","","","","","","","","","","","","","765977","983400","1065000","1137798","1360623","1671820","2150408","2016792","1915943","1689670","1891770","1756832","1855425","1703949","1638113","1653272","1567442","",
"Jordan","JOR","Container port traffic (TEU: 20 foot equivalent units)","IS.SHP.GOOD.TU","","","","","","","","","","","","","","","","","","","","","","","","","","","","","","","","","","","","","","","","","","","","","","","","","414000","582515","674525","605000","654283","703254","872809","788031","767000","777516","",
"Japan","JPN","Container port traffic (TEU: 20 foot equivalent units)","IS.SHP.GOOD.TU","","","","","","","","","","","","","","","","","","","","","","","","","","","","","","","","","","","","","","","","","","13100000","13127144","13501420","15055696","16436146","17055082","18469710","19164522","18943606","16285918","18115377","16624268","17074840","19107739","20674500","20076396.25","20257000","",
"Kazakhstan","KAZ","Container port traffic (TEU: 20 foot equivalent units)","IS.SHP.GOOD.TU","","","","","","","","","","","","","","","","","","","","","","","","","","","","","","","","","","","","","","","","","","","","","","","","","","","","","","","","","","","",
"Kenya","KEN","Container port traffic (TEU: 20 foot equivalent units)","IS.SHP.GOOD.TU","","","","","","","","","","","","","","","","","","","","","","","","","","","","","","","","","","","","","","","","","","","","","","","","","585367","615733","618816","695500","770804","903463","894000","1012000","1076118","1091000","",
"Kyrgyz Republic","KGZ","Container port traffic (TEU: 20 foot equivalent units)","IS.SHP.GOOD.TU","","","","","","","","","","","","","","","","","","","","","","","","","","","","","","","","","","","","","","","","","","","","","","","","","","","","","","","","","","","",
"Cambodia","KHM","Container port traffic (TEU: 20 foot equivalent units)","IS.SHP.GOOD.TU","","","","","","","","","","","","","","","","","","","","","","","","","","","","","","","","","","","","","","","","","","","","","","","","","253271","258775","207577","224206","237941","255378","286450","424000","474000","482000","",
"Kiribati","KIR","Container port traffic (TEU: 20 foot equivalent units)","IS.SHP.GOOD.TU","","","","","","","","","","","","","","","","","","","","","","","","","","","","","","","","","","","","","","","","","","","","","","","","","","","","","","","","","","","",
"St. Kitts and Nevis","KNA","Container port traffic (TEU: 20 foot equivalent units)","IS.SHP.GOOD.TU","","","","","","","","","","","","","","","","","","","","","","","","","","","","","","","","","","","","","","","","","","","","","","","","","","","","7100","7300","7800","7000","9000","10000","9500","",
"Korea, Rep.","KOR","Container port traffic (TEU: 20 foot equivalent units)","IS.SHP.GOOD.TU","","","","","","","","","","","","","","","","","","","","","","","","","","","","","","","","","","","","","","","","","","9030174","9287221","11719500","13049534","14363194","15113275","15513935","17086133","17417723","15699663.2754","18516901","20590589","21534661","22523436","24814000","25477000","26373000","",
"Kuwait","KWT","Container port traffic (TEU: 20 foot equivalent units)","IS.SHP.GOOD.TU","","","","","","","","","","","","","","","","","","","","","","","","","","","","","","","","","","","","","","","","","","","","","","","673472","750000","900000","961684","854044","700000","1048063","1089985","1215674","1277674","1246674","1262174","",
"Latin America & Caribbean (excluding high income)","LAC","Container port traffic (TEU: 20 foot equivalent units)","IS.SHP.GOOD.TU","","","","","","","","","","","","","","","","","","","","","","","","","","","","","","","","","","","","","","","","","","12378799","11938409","12110840","15138967","17783323","20073362","22678906","25288033","29235802.8832","27108786.7806672","31569557","35225636","37920441","38542773","38885463","39095326","39216151.5","",
"Lao PDR","LAO","Container port traffic (TEU: 20 foot equivalent units)","IS.SHP.GOOD.TU","","","","","","","","","","","","","","","","","","","","","","","","","","","","","","","","","","","","","","","","","","","","","","","","","","","","","","","","","","","",
"Lebanon","LBN","Container port traffic (TEU: 20 foot equivalent units)","IS.SHP.GOOD.TU","","","","","","","","","","","","","","","","","","","","","","","","","","","","","","","","","","","","","","","","","","","299400","","","","","594603","947625","861931","994601","949155","1034249","1041756","1117334","1210000","1130284","1147219","",
"Liberia","LBR","Container port traffic (TEU: 20 foot equivalent units)","IS.SHP.GOOD.TU","","","","","","","","","","","","","","","","","","","","","","","","","","","","","","","","","","","","","","","","","","","","","","","","","","","","53400","71140","85589","88782","91975","98000","90000","",
"Libya","LBY","Container port traffic (TEU: 20 foot equivalent units)","IS.SHP.GOOD.TU","","","","","","","","","","","","","","","","","","","","","","","","","","","","","","","","","","","","","","","","","","","","","","","","","122122","174827","158987.6738","70000","","","434608","456773","445690","451232","",
"St. Lucia","LCA","Container port traffic (TEU: 20 foot equivalent units)","IS.SHP.GOOD.TU","","","","","","","","","","","","","","","","","","","","","","","","","","","","","","","","","","","","","","","","","","","","","","","","","55582","70202","51942","52478","62598","74831","64415","41521","41500","38383","",
"Latin America & Caribbean","LCN","Container port traffic (TEU: 20 foot equivalent units)","IS.SHP.GOOD.TU","","","","","","","","","","","","","","","","","","","","","","","","","","","","","","","","","","","","","","","","","","15860053","16129381","15090170","19556512","22294663","24816487","28018282","32720909","35627766.8832","32630749.9822672","38730206","41356718","44146315","45371324","45724579","45910401","46023211.5","",
"Least developed countries: UN classification","LDC","Container port traffic (TEU: 20 foot equivalent units)","IS.SHP.GOOD.TU","","","","","","","","","","","","","","","","","","","","","","","","","","","","","","","","","","","","","","","","","","","","","","","","","","","","","","","","","","","",
"Low income","LIC","Container port traffic (TEU: 20 foot equivalent units)","IS.SHP.GOOD.TU","","","","","","","","","","","","","","","","","","","","","","","","","","","","","","","","","","","","","","","","","","","","","","","","","","","","","","","","","","","",
"Liechtenstein","LIE","Container port traffic (TEU: 20 foot equivalent units)","IS.SHP.GOOD.TU","","","","","","","","","","","","","","","","","","","","","","","","","","","","","","","","","","","","","","","","","","","","","","","","","","","","","","","","","","","",
"Sri Lanka","LKA","Container port traffic (TEU: 20 foot equivalent units)","IS.SHP.GOOD.TU","","","","","","","","","","","","","","","","","","","","","","","","","","","","","","","","","","","","","","","","","","1732855","1726605","1764720","1959354","2220525","2455297","3079132","3687338","3687465","3464297","4080000","4262887","4187120","4306206","4907915","5185467","5550000","",
"Lower middle income","LMC","Container port traffic (TEU: 20 foot equivalent units)","IS.SHP.GOOD.TU","","","","","","","","","","","","","","","","","","","","","","","","","","","","","","","","","","","","","","","","","","16184464","17845232","17883090","22321130","26339494","28256888","29793657","42437818","47378753.0944","47594649.6240474","56586095","60330725","63090949","66525112","71056312","73700190","76049627.5","",
"Low & middle income","LMY","Container port traffic (TEU: 20 foot equivalent units)","IS.SHP.GOOD.TU","","","","","","","","","","","","","","","","","","","","","","","","","","","","","","","","","","","","","","","","","","80532470","88178795","103389931","119847841","142395396","141839668","168250987","208798814","233324140.0832","221063604.810147","271949636.5","297361121.75","315445114.75","333977292.75","353565805","364953623.5","372526281.25","",
"Lesotho","LSO","Container port traffic (TEU: 20 foot equivalent units)","IS.SHP.GOOD.TU","","","","","","","","","","","","","","","","","","","","","","","","","","","","","","","","","","","","","","","","","","","","","","","","","","","","","","","","","","","",
"Late-demographic dividend","LTE","Container port traffic (TEU: 20 foot equivalent units)","IS.SHP.GOOD.TU","","","","","","","","","","","","","","","","","","","","","","","","","","","","","","","","","","","","","","","","","","67353110","74646701","90018938","103950686","123020191","120417203","145336126","178605554","196030004.7776","184240015.058549","225511767","244703887","260597644.75","277341553.75","295334939","304950250.5","310274659.25","",
"Lithuania","LTU","Container port traffic (TEU: 20 foot equivalent units)","IS.SHP.GOOD.TU","","","","","","","","","","","","","","","","","","","","","","","","","","","","","","","","","","","","","","","","","","","","","","","","","321432","373263","247982","295226","382185","381278","402536","450400","393000","443300","",
"Luxembourg","LUX","Container port traffic (TEU: 20 foot equivalent units)","IS.SHP.GOOD.TU","","","","","","","","","","","","","","","","","","","","","","","","","","","","","","","","","","","","","","","","","","","","","","","","","","","","","","","","","","","",
"Latvia","LVA","Container port traffic (TEU: 20 foot equivalent units)","IS.SHP.GOOD.TU","","","","","","","","","","","","","","","","","","","","","","","","","","","","","","","","","","","","","","","","","","","","","","","","","236351","225467","184399","254560","302973","362297","381099","391200","359390","388433","",
"Macao SAR, China","MAC","Container port traffic (TEU: 20 foot equivalent units)","IS.SHP.GOOD.TU","","","","","","","","","","","","","","","","","","","","","","","","","","","","","","","","","","","","","","","","","","","","","","","","","","","","","","","","","","","",
"St. Martin (French part)","MAF","Container port traffic (TEU: 20 foot equivalent units)","IS.SHP.GOOD.TU","","","","","","","","","","","","","","","","","","","","","","","","","","","","","","","","","","","","","","","","","","","","","","","","","","","","","","","","","","","",
"Morocco","MAR","Container port traffic (TEU: 20 foot equivalent units)","IS.SHP.GOOD.TU","","","","","","","","","","","","","","","","","","","","","","","","","","","","","","","","","","","","","","","","","","328808","346724","","517549","560682","","","","919360","1222000","2968149","3033096","2790906","3424011","3916000","3806000","3810000","",
"Monaco","MCO","Container port traffic (TEU: 20 foot equivalent units)","IS.SHP.GOOD.TU","","","","","","","","","","","","","","","","","","","","","","","","","","","","","","","","","","","","","","","","","","","","","","","","","","","","","","","","","","","",
"Moldova","MDA","Container port traffic (TEU: 20 foot equivalent units)","IS.SHP.GOOD.TU","","","","","","","","","","","","","","","","","","","","","","","","","","","","","","","","","","","","","","","","","","","","","","","","","","","","","","","","","","","",
"Madagascar","MDG","Container port traffic (TEU: 20 foot equivalent units)","IS.SHP.GOOD.TU","","","","","","","","","","","","","","","","","","","","","","","","","","","","","","","","","","","","","","","","","","","","","","","","","112427","143371","132278","141093","146224","131580","137800","181108","159454","170281","",
"Maldives","MDV","Container port traffic (TEU: 20 foot equivalent units)","IS.SHP.GOOD.TU","","","","","","","","","","","","","","","","","","","","","","","","","","","","","","","","","","","","","","","","","","","","","","","","","47703","53650","56000","49627","53062","54820","79712","83777","83778","81744","",
"Middle East & North Africa","MEA","Container port traffic (TEU: 20 foot equivalent units)","IS.SHP.GOOD.TU","","","","","","","","","","","","","","","","","","","","","","","","","","","","","","","","","","","","","","","","","","","","","","","","","36285930","41994620.9208","42545025.3235755","47466515","49203295","51877306","53605323","56157243","58192239","58622511","",
"Mexico","MEX","Container port traffic (TEU: 20 foot equivalent units)","IS.SHP.GOOD.TU","","","","","","","","","","","","","","","","","","","","","","","","","","","","","","","","","","","","","","","","","","1315701","1358136","1564540","1693791","1903345","2144345","2680374","1661288","3312717.1952","2874312.6254","3691684","4223018","4873642","4866895","5058635","5506488","5682322","",
"Marshall Islands","MHL","Container port traffic (TEU: 20 foot equivalent units)","IS.SHP.GOOD.TU","","","","","","","","","","","","","","","","","","","","","","","","","","","","","","","","","","","","","","","","","","","","","","","","","","","","","","","","","","","",
"Middle income","MIC","Container port traffic (TEU: 20 foot equivalent units)","IS.SHP.GOOD.TU","","","","","","","","","","","","","","","","","","","","","","","","","","","","","","","","","","","","","","","","","","80532470","88178795","103389931","119847841","142395396","141839668","168250987","207701624","231928739.0832","219737285.186147","269663105","294733929","312866199.75","331214583.75","350831997","362029410.5","369656302.75","",
"Macedonia, FYR","MKD","Container port traffic (TEU: 20 foot equivalent units)","IS.SHP.GOOD.TU","","","","","","","","","","","","","","","","","","","","","","","","","","","","","","","","","","","","","","","","","","","","","","","","","","","","","","","","","","","",
"Mali","MLI","Container port traffic (TEU: 20 foot equivalent units)","IS.SHP.GOOD.TU","","","","","","","","","","","","","","","","","","","","","","","","","","","","","","","","","","","","","","","","","","","","","","","","","","","","","","","","","","","",
"Malta","MLT","Container port traffic (TEU: 20 foot equivalent units)","IS.SHP.GOOD.TU","","","","","","","","","","","","","","","","","","","","","","","","","","","","","","","","","","","","","","","","","","1082235","1205764","1288780","1347539","1519220","1382410","1532920","1956908","2407332","2323941","2414479","2406652","2589983","2793692","2949036","3023900","3140000","",
"Myanmar","MMR","Container port traffic (TEU: 20 foot equivalent units)","IS.SHP.GOOD.TU","","","","","","","","","","","","","","","","","","","","","","","","","","","","","","","","","","","","","","","","","","","","","","","","","170000","180000","163692","335346","380675","474300","567156","716926","827249","1026216","",
"Middle East & North Africa (excluding high income)","MNA","Container port traffic (TEU: 20 foot equivalent units)","IS.SHP.GOOD.TU","","","","","","","","","","","","","","","","","","","","","","","","","","","","","","","","","","","","","","","","","","","","","","","","","10614835","13030234.9208","14020481.3235755","17061685","16620856","16281515","17340863","18217917","18325321","18970454","",
"Montenegro","MNE","Container port traffic (TEU: 20 foot equivalent units)","IS.SHP.GOOD.TU","","","","","","","","","","","","","","","","","","","","","","","","","","","","","","","","","","","","","","","","","","","","","","","","","","","","","","","","","","","",
"Mongolia","MNG","Container port traffic (TEU: 20 foot equivalent units)","IS.SHP.GOOD.TU","","","","","","","","","","","","","","","","","","","","","","","","","","","","","","","","","","","","","","","","","","","","","","","","","","","","","","","","","","","",
"Northern Mariana Islands","MNP","Container port traffic (TEU: 20 foot equivalent units)","IS.SHP.GOOD.TU","","","","","","","","","","","","","","","","","","","","","","","","","","","","","","","","","","","","","","","","","","","","","","","","","","","","","","","","","","","",
"Mozambique","MOZ","Container port traffic (TEU: 20 foot equivalent units)","IS.SHP.GOOD.TU","","","","","","","","","","","","","","","","","","","","","","","","","","","","","","","","","","","","","","","","","","","","","","","","","209315","241237","219380.9278","248819","334300","271231","311500","345200","351900","348550","",
"Mauritania","MRT","Container port traffic (TEU: 20 foot equivalent units)","IS.SHP.GOOD.TU","","","","","","","","","","","","","","","","","","","","","","","","","","","","","","","","","","","","","","","","","","","","","","","","","","57478","62269","65705","69450","74658","80557","91000","85779","88389","",
"Mauritius","MUS","Container port traffic (TEU: 20 foot equivalent units)","IS.SHP.GOOD.TU","","","","","","","","","","","","","","","","","","","","","","","","","","","","","","","","","","","","","","","","","","","","198180","381470","","","","412896","454433","406862","332662","350624","417467","385326","403000","467000","511000","",
"Malawi","MWI","Container port traffic (TEU: 20 foot equivalent units)","IS.SHP.GOOD.TU","","","","","","","","","","","","","","","","","","","","","","","","","","","","","","","","","","","","","","","","","","","","","","","","","","","","","","","","","","","",
"Malaysia","MYS","Container port traffic (TEU: 20 foot equivalent units)","IS.SHP.GOOD.TU","","","","","","","","","","","","","","","","","","","","","","","","","","","","","","","","","","","","","","","","","","4642428","6224913","8751570","10210145","11510931","12197750","13419053","14828836","16093953.3104","15922799.6478778","18203567","20010545","20588224","20910265","22367904","24012700","24570000","",
"North America","NAC","Container port traffic (TEU: 20 foot equivalent units)","IS.SHP.GOOD.TU","","","","","","","","","","","","","","","","","","","","","","","","","","","","","","","","","","","","","","","","","","31227942","30197964","32984200","36320556","38827775","42661263","45226905","49253317","47132433.0512","41545142.966","50519875","50890583","52487477","53233752","51659185","53689663","54120206.5","",
"Namibia","NAM","Container port traffic (TEU: 20 foot equivalent units)","IS.SHP.GOOD.TU","","","","","","","","","","","","","","","","","","","","","","","","","","","","","","","","","","","","","","","","","","","","","","","","","148234","183605","265663","247743","220178","301962","334400","359600","386600","373100","",
"New Caledonia","NCL","Container port traffic (TEU: 20 foot equivalent units)","IS.SHP.GOOD.TU","","","","","","","","","","","","","","","","","","","","","","","","","","","","","","","","","","","","","","","","","","","","","","","","","83205","119661","119147","","","","","","","","",
"Niger","NER","Container port traffic (TEU: 20 foot equivalent units)","IS.SHP.GOOD.TU","","","","","","","","","","","","","","","","","","","","","","","","","","","","","","","","","","","","","","","","","","","","","","","","","","","","","","","","","","","",
"Nigeria","NGA","Container port traffic (TEU: 20 foot equivalent units)","IS.SHP.GOOD.TU","","","","","","","","","","","","","","","","","","","","","","","","","","","","","","","","","","","","","","","","","","","","","588478","512610","","","","72500","87000","1232171","1559276","1809904","1696000","1893409","1558679","1335470","",
"Nicaragua","NIC","Container port traffic (TEU: 20 foot equivalent units)","IS.SHP.GOOD.TU","","","","","","","","","","","","","","","","","","","","","","","","","","","","","","","","","","","","","","","","","","","","","","","","","61007","63030","59471","64816","80075","89537","91868","116315","144718","156900","",
"Netherlands","NLD","Container port traffic (TEU: 20 foot equivalent units)","IS.SHP.GOOD.TU","","","","","","","","","","","","","","","","","","","","","","","","","","","","","","","","","","","","","","","","","","6407162","6227321","6797530","7293790","8482190","9471829","10046503","11290260","11362089","10066374","11420107","12266249","12282447","12046068","12671464","12609016","12800244","",
"Norway","NOR","Container port traffic (TEU: 20 foot equivalent units)","IS.SHP.GOOD.TU","","","","","","","","","","","","","","","","","","","","","","","","","","","","","","","","","","","","","","","","","","","","","","","","","328776","331054","318924","335291","273027","273396","276414","671400","735600","739633","",
"Nepal","NPL","Container port traffic (TEU: 20 foot equivalent units)","IS.SHP.GOOD.TU","","","","","","","","","","","","","","","","","","","","","","","","","","","","","","","","","","","","","","","","","","","","","","","","","","","","","","","","","","","",
"Nauru","NRU","Container port traffic (TEU: 20 foot equivalent units)","IS.SHP.GOOD.TU","","","","","","","","","","","","","","","","","","","","","","","","","","","","","","","","","","","","","","","","","","","","","","","","","","","","","","","","","","","",
"New Zealand","NZL","Container port traffic (TEU: 20 foot equivalent units)","IS.SHP.GOOD.TU","","","","","","","","","","","","","","","","","","","","","","","","","","","","","","","","","","","","","","","","","","1067438","1139143","1407130","1520592","1583847","1603195","1806596","2311569","2317823.1944","2324969.88398736","2112192","2165228","2326683","2419692","2942741","3119000","3030870.5","",
"OECD members","OED","Container port traffic (TEU: 20 foot equivalent units)","IS.SHP.GOOD.TU","","","","","","","","","","","","","","","","","","","","","","","","","","","","","","","","","","","","","","","","","","108518905","111376133","122990700","134516328","150235014","159833871","170485761","191435659","191661880.1856","169277514.099551","190014367","197913267","205533710","212343184","225317963","229172066.25","236554226","",
"Oman","OMN","Container port traffic (TEU: 20 foot equivalent units)","IS.SHP.GOOD.TU","","","","","","","","","","","","","","","","","","","","","","","","","","","","","","","","","","","","","","","","","","1161549","1331686","1415500","2264826","2515546","2748584","2620363","2876969","3427990","3768045","3893198","3309140","3818818","3509808","3331000","3136000","3944000","",
"Other small states","OSS","Container port traffic (TEU: 20 foot equivalent units)","IS.SHP.GOOD.TU","","","","","","","","","","","","","","","","","","","","","","","","","","","","","","","","","","","","","","","","","","","","","","","","","","","","","","","","","","","",
"Pakistan","PAK","Container port traffic (TEU: 20 foot equivalent units)","IS.SHP.GOOD.TU","","","","","","","","","","","","","","","","","","","","","","","","","","","","","","","","","","","","","","","","","","","878892","","787559","1269373","1686355","1776939","1935882","1938001","2058056","2149000","2132000","2244000","2445000","2534600","2755600","2645100","",
"Panama","PAN","Container port traffic (TEU: 20 foot equivalent units)","IS.SHP.GOOD.TU","","","","","","","","","","","","","","","","","","","","","","","","","","","","","","","","","","","","","","","","","","2369681","2376045","1344790","1991659","2428762","3063832","3027788","4022513","5129499","4597112","5590685","6629838","6911084","6685204","6774065","6893886","6266502","",
"Peru","PER","Container port traffic (TEU: 20 foot equivalent units)","IS.SHP.GOOD.TU","","","","","","","","","","","","","","","","","","","","","","","","","","","","","","","","","","","","","","","","","","460631","537554","631760","627011","695577","991681","1087263","1177925","1235326","1232849","1490984","1791419","2004781","2041073","2221825","2141738","2319012","",
"Philippines","PHL","Container port traffic (TEU: 20 foot equivalent units)","IS.SHP.GOOD.TU","","","","","","","","","","","","","","","","","","","","","","","","","","","","","","","","","","","","","","","","","","3031548","3090952","3324800","3468471","3676456","3633559","3676133","4351271","4471428","4306964.6458","5087499","5314702","5641594","5825634","6176041","7210441","7421441","",
"Palau","PLW","Container port traffic (TEU: 20 foot equivalent units)","IS.SHP.GOOD.TU","","","","","","","","","","","","","","","","","","","","","","","","","","","","","","","","","","","","","","","","","","","","","","","","","","","","","","","","","","","",
"Papua New Guinea","PNG","Container port traffic (TEU: 20 foot equivalent units)","IS.SHP.GOOD.TU","","","","","","","","","","","","","","","","","","","","","","","","","","","","","","","","","","","","","","","","","","","","","","","","","282356","254592","262209","229834","249616","273994","363750","382301","275989","329145","",
"Poland","POL","Container port traffic (TEU: 20 foot equivalent units)","IS.SHP.GOOD.TU","","","","","","","","","","","","","","","","","","","","","","","","","","","","","","","","","","","","","","","","","","","261419","","346152","428373","","","767567","859341","671552","1053634","1357182","1657433","1959537","2139616","1860800","2028577","",
"Pre-demographic dividend","PRE","Container port traffic (TEU: 20 foot equivalent units)","IS.SHP.GOOD.TU","","","","","","","","","","","","","","","","","","","","","","","","","","","","","","","","","","","","","","","","","","","","","","","","","","","","6456721.5","7484212.75","8051789","8383254","8759474","8269151","7840786.5","",
"Puerto Rico","PRI","Container port traffic (TEU: 20 foot equivalent units)","IS.SHP.GOOD.TU","","","","","","","","","","","","","","","","","","","","","","","","","","","","","","","","","","","","","","","","","","1945636","1886028","1426220","1669170","1667868","1727389","1749565","1695258","","","1525532","","","","","","","",
"Korea, Dem. People’s Rep.","PRK","Container port traffic (TEU: 20 foot equivalent units)","IS.SHP.GOOD.TU","","","","","","","","","","","","","","","","","","","","","","","","","","","","","","","","","","","","","","","","","","","","","","","","","","","","","","","","","","","",
"Portugal","PRT","Container port traffic (TEU: 20 foot equivalent units)","IS.SHP.GOOD.TU","","","","","","","","","","","","","","","","","","","","","","","","","","","","","","","","","","","","","","","","","","669991","733941","791300","86003","882452","904696","1012845","1348539","1297402","1233482","1525453","1660074","1817379","2273629","2500300","2606500","2823300","",
"Paraguay","PRY","Container port traffic (TEU: 20 foot equivalent units)","IS.SHP.GOOD.TU","","","","","","","","","","","","","","","","","","","","","","","","","","","","","","","","","","","","","","","","","","","","","","","","","","9317","7045","","","","","","","","",
"West Bank and Gaza","PSE","Container port traffic (TEU: 20 foot equivalent units)","IS.SHP.GOOD.TU","","","","","","","","","","","","","","","","","","","","","","","","","","","","","","","","","","","","","","","","","","","","","","","","","","","","","","","","","","","",
"Pacific island small states","PSS","Container port traffic (TEU: 20 foot equivalent units)","IS.SHP.GOOD.TU","","","","","","","","","","","","","","","","","","","","","","","","","","","","","","","","","","","","","","","","","","","","","","","","","","","","","","","","","","","",
"Post-demographic dividend","PST","Container port traffic (TEU: 20 foot equivalent units)","IS.SHP.GOOD.TU","","","","","","","","","","","","","","","","","","","","","","","","","","","","","","","","","","","","","","","","","","121833327","121845709","134023233","146262142","164250433","197875556","209838893","234525009","235384120.0064","206422735.066901","229262398","236876297","243114889","249182907","263477694","262015526.25","267930899","",
"French Polynesia","PYF","Container port traffic (TEU: 20 foot equivalent units)","IS.SHP.GOOD.TU","","","","","","","","","","","","","","","","","","","","","","","","","","","","","","","","","","","","","","","","","","","","","","","","","69508","70336","63807","","","","","","","","",
"Qatar","QAT","Container port traffic (TEU: 20 foot equivalent units)","IS.SHP.GOOD.TU","","","","","","","","","","","","","","","","","","","","","","","","","","","","","","","","","","","","","","","","","","","","","","","","","350000","400000","410000","346000","365722","380351","424210","461863","530042","495952","",
"Romania","ROU","Container port traffic (TEU: 20 foot equivalent units)","IS.SHP.GOOD.TU","","","","","","","","","","","","","","","","","","","","","","","","","","","","","","","","","","","","","","","","","","","","","","373702","771126","1037066","1411414","1380935","594299","556674","662796","684059","661124","668349","699000","721339","",
"Russian Federation","RUS","Container port traffic (TEU: 20 foot equivalent units)","IS.SHP.GOOD.TU","","","","","","","","","","","","","","","","","","","","","","","","","","","","","","","","","","","","","","","","","","316280","609093","774970","960142","1368601","1804410","2265835","2962385","3372104.7952","2427743.69515488","3230676","3786066","4416215","4486538","5252000","3909400","3923662","",
"Rwanda","RWA","Container port traffic (TEU: 20 foot equivalent units)","IS.SHP.GOOD.TU","","","","","","","","","","","","","","","","","","","","","","","","","","","","","","","","","","","","","","","","","","","","","","","","","","","","","","","","","","","",
"South Asia","SAS","Container port traffic (TEU: 20 foot equivalent units)","IS.SHP.GOOD.TU","","","","","","","","","","","","","","","","","","","","","","","","","","","","","","","","","","","","","","","","","","4639518","5856543","5557320","7288887","8537181","9932668","11898747","14047141","14442773","14774961.2","16859649","17348781","17531369","18141587","20488243","21952499","22726505","",
"Saudi Arabia","SAU","Container port traffic (TEU: 20 foot equivalent units)","IS.SHP.GOOD.TU","","","","","","","","","","","","","","","","","","","","","","","","","","","","","","","","","","","","","","","","","","1502893","1676991","1958570","2440327","759769","3732706","3863202","4208854","4652022","4430676","5287713","5668975","6602404","6727152","6851900","7783000","7677000","",
"Sudan","SDN","Container port traffic (TEU: 20 foot equivalent units)","IS.SHP.GOOD.TU","","","","","","","","","","","","","","","","","","","","","","","","","","","","","","","","","","","","","","","","","","","","","","","","","342152","391139","431232","439100","464128","441469","538354","538000","565811","551906","",
"Senegal","SEN","Container port traffic (TEU: 20 foot equivalent units)","IS.SHP.GOOD.TU","","","","","","","","","","","","","","","","","","","","","","","","","","","","","","","","","","","","","","","","","","","","","","","","","424457","347483","331076","349231","369137","383903","428171","384376","486092","496800","",
"Singapore","SGP","Container port traffic (TEU: 20 foot equivalent units)","IS.SHP.GOOD.TU","","","","","","","","","","","","","","","","","","","","","","","","","","","","","","","","","","","","","","","","","","17100000","15572677","16986010","18441000","21329100","23192200","24792400","28767500","30891200","26592800","29178500","29937700","31649400","32578700","34688000","31710200","31688000","",
"Solomon Islands","SLB","Container port traffic (TEU: 20 foot equivalent units)","IS.SHP.GOOD.TU","","","","","","","","","","","","","","","","","","","","","","","","","","","","","","","","","","","","","","","","","","","","","","","","","","","","","","","","","","","",
"Sierra Leone","SLE","Container port traffic (TEU: 20 foot equivalent units)","IS.SHP.GOOD.TU","","","","","","","","","","","","","","","","","","","","","","","","","","","","","","","","","","","","","","","","","","","","","","","","","","","","50000","75000","82500","86250","88125","90000","89063","",
"El Salvador","SLV","Container port traffic (TEU: 20 foot equivalent units)","IS.SHP.GOOD.TU","","","","","","","","","","","","","","","","","","","","","","","","","","","","","","","","","","","","","","","","","","","","","","","","","144458","156323","126369","145774","160069","160982","180634","179256","190708","202165","",
"San Marino","SMR","Container port traffic (TEU: 20 foot equivalent units)","IS.SHP.GOOD.TU","","","","","","","","","","","","","","","","","","","","","","","","","","","","","","","","","","","","","","","","","","","","","","","","","","","","","","","","","","","",
"Somalia","SOM","Container port traffic (TEU: 20 foot equivalent units)","IS.SHP.GOOD.TU","","","","","","","","","","","","","","","","","","","","","","","","","","","","","","","","","","","","","","","","","","","","","","","","","","","","","","","","","","","",
"Serbia","SRB","Container port traffic (TEU: 20 foot equivalent units)","IS.SHP.GOOD.TU","","","","","","","","","","","","","","","","","","","","","","","","","","","","","","","","","","","","","","","","","","","","","","","","","","","","","","","","","","","",
"Sub-Saharan Africa (excluding high income)","SSA","Container port traffic (TEU: 20 foot equivalent units)","IS.SHP.GOOD.TU","","","","","","","","","","","","","","","","","","","","","","","","","","","","","","","","","","","","","","","","","","","","","","","","","","","","11662536.5","13413647.75","14134054","14881406","15015368","14683241","14151699.5","",
"South Sudan","SSD","Container port traffic (TEU: 20 foot equivalent units)","IS.SHP.GOOD.TU","","","","","","","","","","","","","","","","","","","","","","","","","","","","","","","","","","","","","","","","","","","","","","","","","","","","","","","","","","","",
"Sub-Saharan Africa","SSF","Container port traffic (TEU: 20 foot equivalent units)","IS.SHP.GOOD.TU","","","","","","","","","","","","","","","","","","","","","","","","","","","","","","","","","","","","","","","","","","","","","","","","","","","","11662536.5","13413647.75","14134054","14881406","15015368","14683241","14151699.5","",
"Small states","SST","Container port traffic (TEU: 20 foot equivalent units)","IS.SHP.GOOD.TU","","","","","","","","","","","","","","","","","","","","","","","","","","","","","","","","","","","","","","","","","","","","","","","","","","","","","","","","","","","",
"Sao Tome and Principe","STP","Container port traffic (TEU: 20 foot equivalent units)","IS.SHP.GOOD.TU","","","","","","","","","","","","","","","","","","","","","","","","","","","","","","","","","","","","","","","","","","","","","","","","","","","","","","","","","","","",
"Suriname","SUR","Container port traffic (TEU: 20 foot equivalent units)","IS.SHP.GOOD.TU","","","","","","","","","","","","","","","","","","","","","","","","","","","","","","","","","","","","","","","","","","","","","","","","","","","","59583","97335","103961","108020","108703","106014","107359","",
"Slovak Republic","SVK","Container port traffic (TEU: 20 foot equivalent units)","IS.SHP.GOOD.TU","","","","","","","","","","","","","","","","","","","","","","","","","","","","","","","","","","","","","","","","","","","","","","","","","","","","","","","","","","","",
"Slovenia","SVN","Container port traffic (TEU: 20 foot equivalent units)","IS.SHP.GOOD.TU","","","","","","","","","","","","","","","","","","","","","","","","","","","","","","","","","","","","","","","","","","","","","","","","","305648","353880","343165","476731","589314","570744","600441","647000","791000","844000","",
"Sweden","SWE","Container port traffic (TEU: 20 foot equivalent units)","IS.SHP.GOOD.TU","","","","","","","","","","","","","","","","","","","","","","","","","","","","","","","","","","","","","","","","","","884136","851219","805610","858320","1098871","1253195","1272513","1288280","1298778","1251424","1219255","1264876","1343778","1394989","1446200","1438700","1503400","",
"Swaziland","SWZ","Container port traffic (TEU: 20 foot equivalent units)","IS.SHP.GOOD.TU","","","","","","","","","","","","","","","","","","","","","","","","","","","","","","","","","","","","","","","","","","","","","","","","","","","","","","","","","","","",
"Sint Maarten (Dutch part)","SXM","Container port traffic (TEU: 20 foot equivalent units)","IS.SHP.GOOD.TU","","","","","","","","","","","","","","","","","","","","","","","","","","","","","","","","","","","","","","","","","","","","","","","","","","","","","","","","","","","",
"Seychelles","SYC","Container port traffic (TEU: 20 foot equivalent units)","IS.SHP.GOOD.TU","","","","","","","","","","","","","","","","","","","","","","","","","","","","","","","","","","","","","","","","","","","","","","","","","","","","","","","","","","","",
"Syrian Arab Republic","SYR","Container port traffic (TEU: 20 foot equivalent units)","IS.SHP.GOOD.TU","","","","","","","","","","","","","","","","","","","","","","","","","","","","","","","","","","","","","","","","","","","","","","","","","538525","610607","685299","649005","722306","758956","795606","636287","636287","636287","",
"Turks and Caicos Islands","TCA","Container port traffic (TEU: 20 foot equivalent units)","IS.SHP.GOOD.TU","","","","","","","","","","","","","","","","","","","","","","","","","","","","","","","","","","","","","","","","","","","","","","","","","","","","","","","","","","","",
"Chad","TCD","Container port traffic (TEU: 20 foot equivalent units)","IS.SHP.GOOD.TU","","","","","","","","","","","","","","","","","","","","","","","","","","","","","","","","","","","","","","","","","","","","","","","","","","","","","","","","","","","",
"East Asia & Pacific (IDA & IBRD countries)","TEA","Container port traffic (TEU: 20 foot equivalent units)","IS.SHP.GOOD.TU","","","","","","","","","","","","","","","","","","","","","","","","","","","","","","","","","","","","","","","","","","56840499","62621336","77904818","86891558","102402184","96232448","114796121","140639995","155725485.3104","147752713.767078","184044181","202427413","215835109.75","230482182.75","245113261","256905970.5","262678198.25","",
"Europe & Central Asia (IDA & IBRD countries)","TEC","Container port traffic (TEU: 20 foot equivalent units)","IS.SHP.GOOD.TU","","","","","","","","","","","","","","","","","","","","","","","","","","","","","","","","","","","","","","","","","","","","","","5606052","","","11304092","12626587.7952","9249582.69515488","11805662","13681970","15400059","16548018","17985169","15852066","16811850","",
"Togo","TGO","Container port traffic (TEU: 20 foot equivalent units)","IS.SHP.GOOD.TU","","","","","","","","","","","","","","","","","","","","","","","","","","","","","","","","","","","","","","","","","","","","","","","","","","","","339853","352695","288481","311470","247852","252715","238173","",
"Thailand","THA","Container port traffic (TEU: 20 foot equivalent units)","IS.SHP.GOOD.TU","","","","","","","","","","","","","","","","","","","","","","","","","","","","","","","","","","","","","","","","","","3178779","3387071","3799090","4232685","4847000","5115213","5574490","6339261","6726237","5897935","6520905","7036492","7323880.75","7546522.75","8119271","8359454.5","8239362.75","",
"Tajikistan","TJK","Container port traffic (TEU: 20 foot equivalent units)","IS.SHP.GOOD.TU","","","","","","","","","","","","","","","","","","","","","","","","","","","","","","","","","","","","","","","","","","","","","","","","","","","","","","","","","","","",
"Turkmenistan","TKM","Container port traffic (TEU: 20 foot equivalent units)","IS.SHP.GOOD.TU","","","","","","","","","","","","","","","","","","","","","","","","","","","","","","","","","","","","","","","","","","","","","","","","","","","","","","","","","","","",
"Latin America & the Caribbean (IDA & IBRD countries)","TLA","Container port traffic (TEU: 20 foot equivalent units)","IS.SHP.GOOD.TU","","","","","","","","","","","","","","","","","","","","","","","","","","","","","","","","","","","","","","","","","","13914417","13673353","13663950","16829463","19441995","21877598","24805717","28838519","33342867.8832","30799421.3822672","35770898","39916622","42602152","43500867","43945311","44021929","44392562.5","",
"Timor-Leste","TLS","Container port traffic (TEU: 20 foot equivalent units)","IS.SHP.GOOD.TU","","","","","","","","","","","","","","","","","","","","","","","","","","","","","","","","","","","","","","","","","","","","","","","","","","","","","","","","","","","",
"Middle East & North Africa (IDA & IBRD countries)","TMN","Container port traffic (TEU: 20 foot equivalent units)","IS.SHP.GOOD.TU","","","","","","","","","","","","","","","","","","","","","","","","","","","","","","","","","","","","","","","","","","","","","","","","","10614835","13030234.9208","14020481.3235755","17061685","16620856","16281515","17340863","18217917","18325321","18970454","",
"Tonga","TON","Container port traffic (TEU: 20 foot equivalent units)","IS.SHP.GOOD.TU","","","","","","","","","","","","","","","","","","","","","","","","","","","","","","","","","","","","","","","","","","","","","","","","","","","","","","","","","","","",
"South Asia (IDA & IBRD)","TSA","Container port traffic (TEU: 20 foot equivalent units)","IS.SHP.GOOD.TU","","","","","","","","","","","","","","","","","","","","","","","","","","","","","","","","","","","","","","","","","","4639518","5856543","5557320","7288887","8537181","9932668","11898747","14047141","14442773","14774961.2","16859649","17348781","17531369","18141587","20488243","21952499","22726505","",
"Sub-Saharan Africa (IDA & IBRD countries)","TSS","Container port traffic (TEU: 20 foot equivalent units)","IS.SHP.GOOD.TU","","","","","","","","","","","","","","","","","","","","","","","","","","","","","","","","","","","","","","","","","","","","","","","","","","","","11662536.5","13413647.75","14134054","14881406","15015368","14683241","14151699.5","",
"Trinidad and Tobago","TTO","Container port traffic (TEU: 20 foot equivalent units)","IS.SHP.GOOD.TU","","","","","","","","","","","","","","","","","","","","","","","","","","","","","","","","","","","","","","","","","","282487","352758","385230","440370","","","","514557","554093","567183","577863","552093","542346","574119","594364","520825","427427","",
"Tunisia","TUN","Container port traffic (TEU: 20 foot equivalent units)","IS.SHP.GOOD.TU","","","","","","","","","","","","","","","","","","","","","","","","","","","","","","","","","","","","","","","","","","","","","","","","","420501","424780","418883.8732","423817","372289","328490","320000","311163","303198","489600","",
"Turkey","TUR","Container port traffic (TEU: 20 foot equivalent units)","IS.SHP.GOOD.TU","","","","","","","","","","","","","","","","","","","","","","","","","","","","","","","","","","","","","","","","","","1591739","1526576","2297380","2377295","2960746","3174077","3683497","4678872","5218316","4521713","5837078","6591873","7279840","7954602","8467512","8297985","8851485","",
"Tuvalu","TUV","Container port traffic (TEU: 20 foot equivalent units)","IS.SHP.GOOD.TU","","","","","","","","","","","","","","","","","","","","","","","","","","","","","","","","","","","","","","","","","","","","","","","","","","","","","","","","","","","",
"Tanzania","TZA","Container port traffic (TEU: 20 foot equivalent units)","IS.SHP.GOOD.TU","","","","","","","","","","","","","","","","","","","","","","","","","","","","","","","","","","","","","","","","","","","","","","","","","350991","363310","370764.6962","409517","476733","547364","553900","612600","683600","648100","",
"Uganda","UGA","Container port traffic (TEU: 20 foot equivalent units)","IS.SHP.GOOD.TU","","","","","","","","","","","","","","","","","","","","","","","","","","","","","","","","","","","","","","","","","","","","","","","","","","","","","","","","","","","",
"Ukraine","UKR","Container port traffic (TEU: 20 foot equivalent units)","IS.SHP.GOOD.TU","","","","","","","","","","","","","","","","","","","","","","","","","","","","","","","","","","","","","","","","","","","","","","398080","579476","729758","990201","1123268","516698","605508","696640","682848","732987","665000","480000","588000","",
"Upper middle income","UMC","Container port traffic (TEU: 20 foot equivalent units)","IS.SHP.GOOD.TU","","","","","","","","","","","","","","","","","","","","","","","","","","","","","","","","","","","","","","","","","","64348006","70333563","85506841","97526711","116055902","113582780","138457330","165263806","184549985.9888","172142635.5621","213077010","234403204","249775250.75","264689471.75","279775685","288329220.5","293606675.25","",
"Uruguay","URY","Container port traffic (TEU: 20 foot equivalent units)","IS.SHP.GOOD.TU","","","","","","","","","","","","","","","","","","","","","","","","","","","","","","","","","","","","","","","","","","","301641","","","","","","596487","675273","588410","671952","861164","753889","826962","776000","811300","888000","",
"United States","USA","Container port traffic (TEU: 20 foot equivalent units)","IS.SHP.GOOD.TU","","","","","","","","","","","","","","","","","","","","","","","","","","","","","","","","","","","","","","","","","","28300000","27307576","29676890","32689484","34901628","38497839","40896742","44839390","42411770.0512","37353574.903","45739085","46045074","47263434","47984295","46233010","47895811","48381722.5","",
"Uzbekistan","UZB","Container port traffic (TEU: 20 foot equivalent units)","IS.SHP.GOOD.TU","","","","","","","","","","","","","","","","","","","","","","","","","","","","","","","","","","","","","","","","","","","","","","","","","","","","","","","","","","","",
"St. Vincent and the Grenadines","VCT","Container port traffic (TEU: 20 foot equivalent units)","IS.SHP.GOOD.TU","","","","","","","","","","","","","","","","","","","","","","","","","","","","","","","","","","","","","","","","","","","","","","","","","","16570","16238","15569","16418","16826","16561","16737","18620","19941","",
"Venezuela, RB","VEN","Container port traffic (TEU: 20 foot equivalent units)","IS.SHP.GOOD.TU","","","","","","","","","","","","","","","","","","","","","","","","","","","","","","","","","","","","","","","","","","674558","924119","","582769","921205","1120492","1266817","1331711","1325194","1240251.54","1227006","1305600","1535149","1405788","943380","734185","838783","",
"British Virgin Islands","VGB","Container port traffic (TEU: 20 foot equivalent units)","IS.SHP.GOOD.TU","","","","","","","","","","","","","","","","","","","","","","","","","","","","","","","","","","","","","","","","","","","","","","","","","","","","","","","","","","","",
"Virgin Islands (U.S.)","VIR","Container port traffic (TEU: 20 foot equivalent units)","IS.SHP.GOOD.TU","","","","","","","","","","","","","","","","","","","","","","","","","","","","","","","","","","","","","","","","","","","","","","","","","","","","","","","","","","","",
"Vietnam","VNM","Container port traffic (TEU: 20 foot equivalent units)","IS.SHP.GOOD.TU","","","","","","","","","","","","","","","","","","","","","","","","","","","","","","","","","","","","","","","","","","1189796","1290555","1771990","1904939","2273056","2537487","2999646","4009066","4393699","4936598","5886249","6924430","7372468","8254299","8149626","8841833","8495729.5","",
"Vanuatu","VUT","Container port traffic (TEU: 20 foot equivalent units)","IS.SHP.GOOD.TU","","","","","","","","","","","","","","","","","","","","","","","","","","","","","","","","","","","","","","","","","","","","","","","","","","","","","","","","","","","",
"World","WLD","Container port traffic (TEU: 20 foot equivalent units)","IS.SHP.GOOD.TU","","","","","","","","","","","","","","","","","","","","","","","","","","","","","","","","","","","","","","","","","","224774536","235075458","263456511","296996130","338433750","376268146","416751971","489818309","516152333.0736","472175125.284298","551024324.5","586973535.75","613938408.75","640012766.75","676697230","687711063.75","701420047.25","",
"Samoa","WSM","Container port traffic (TEU: 20 foot equivalent units)","IS.SHP.GOOD.TU","","","","","","","","","","","","","","","","","","","","","","","","","","","","","","","","","","","","","","","","","","","","","","","","","","","","22465","21420","23137","24006","27198","27719","27719","",
"Kosovo","XKX","Container port traffic (TEU: 20 foot equivalent units)","IS.SHP.GOOD.TU","","","","","","","","","","","","","","","","","","","","","","","","","","","","","","","","","","","","","","","","","","","","","","","","","","","","","","","","","","","",
"Yemen, Rep.","YEM","Container port traffic (TEU: 20 foot equivalent units)","IS.SHP.GOOD.TU","","","","","","","","","","","","","","","","","","","","","","","","","","","","","","","","","","","","","","","","","","248177","377367","","","","","","773016","775164.9208","639670.53677552","370382","300000","262624","290011","200000","178098","200000","",
"South Africa","ZAF","Container port traffic (TEU: 20 foot equivalent units)","IS.SHP.GOOD.TU","","","","","","","","","","","","","","","","","","","","","","","","","","","","","","","","","","","","","","","","","","1846944","2021183","1801610","2378881","2614577","3111121","3552198","3734165","3875952","3726313","3829234","4382724","4308940","4693914","4591390","4597907","4355320","",
"Zambia","ZMB","Container port traffic (TEU: 20 foot equivalent units)","IS.SHP.GOOD.TU","","","","","","","","","","","","","","","","","","","","","","","","","","","","","","","","","","","","","","","","","","","","","","","","","","","","","","","","","","","",
"Zimbabwe","ZWE","Container port traffic (TEU: 20 foot equivalent units)","IS.SHP.GOOD.TU","","","","","","","","","","","","","","","","","","","","","","","","","","","","","","","","","","","","","","","","","","","","","","","","","","","","","","","","","","","",
